"type","company","description","sku","diameter_in","weight_gr","sectional_density","name","product_name","bc_g1","bc_g7","bc_fn"
"pistol","Sierra","Sierra .308 85gr Sports Master 8005","8005","0.308","85","0.128",".30 Caliber (.308) 85 gr. RN","Sports Master","","","{"".102"": [2400, null], "".106"": [1500, 2400] , "".113"": [0, 1500]}"
"pistol","Sierra","Sierra .312 90gr Sports Master 8030","8030","0.312","90","0.132",".32 Caliber (.312) 90 gr. JHC","Sports Master","","","{"".125"": [1100, null], "".146"": [975, 1100] , "".112"": [775, 975] , "".083"": [0, 775]}"
"pistol","Sierra","Sierra .355 90gr Sports Master 8100","8100","0.355","90","0.102","9 mm (.355) 90 gr. JHP","Sports Master","","","{"".095"": [1300, null], "".115"": [900, 1300] , "".105"": [0, 900]}"
"pistol","Sierra","Sierra .355 90gr V-Crown 9990","9990","0.355","90","0.102","9 mm (.355) 90 gr. JHP V-Crown","V-Crown","","","{"".094"": [1200, null], "".109"": [850, 1200] , "".106"": [0, 850]}"
"pistol","Sierra","Sierra .355 95gr Tournament Master 8105","8105","0.355","95","0.108","9 mm (.355) 95 gr. FMJ","Tournament Master","","","{"".0935"": [1200, null], "".1075"": [1000, 1200] , "".116"": [800, 1000] , "".110"": [0, 800]}"
"pistol","Sierra","Sierra .355 115gr Sports Master 8110","8110","0.355","115","0.13","9 mm (.355) 115 gr. JHP","Sports Master","","","{"".107"": [1200, null], "".160"": [1000, 1200] , "".124"": [800, 1000] , "".140"": [0, 800]}"
"pistol","Sierra","Sierra .355 115gr Tournament Master 8115","8115","0.355","115","0.13","9 mm (.355) 115 gr. FMJ","Tournament Master","","","{"".127"": [1300, null], "".155"": [900, 1300] , "".130"": [0, 900]}"
"pistol","Sierra","Sierra .355 124gr V-Crown 9924","9924","0.355","124","0.141","9 mm (.355) 124 gr. JHP V-Crown","V-Crown","","","{"".120"": [1250, null], "".160"": [1000, 1250] , "".170"": [0, 1000]}"
"pistol","Sierra","Sierra .355 125gr Tournament Master 8120","8120","0.355","125","0.142","9 mm (.355) 125 gr. FMJ","Tournament Master","","","{"".115"": [1200, null], "".160"": [1000, 1200] , "".180"": [800, 1000] , "".180"": [0, 800]}"
"pistol","Sierra","Sierra .355 125gr Sports Master 8125","8125","0.355","125","0.142","9 mm (.355) 125 gr. JHP","Sports Master","","","{"".124"": [1200, null], "".137"": [1199, 900] , "".168"": [0, 900]}"
"pistol","Sierra","Sierra .355 125gr V-Crown 9925","9925","0.355","125","0.142","9 mm (.355) 125 gr. JHP V-Crown","V-Crown","","","{"".122"": [1250, null], "".168"": [900, 1250] , "".173"": [0, 900]}"
"pistol","Sierra","Sierra .357 110gr Sports Master 8300","8300","0.357","110","0.123",".38 Caliber (.357) 110 gr. JHP Blitz","Sports Master","","","{"".120"": [1300, null], "".135"": [900, 1300] , "".120"": [0, 900]}"
"pistol","Sierra","Sierra .357 125gr Sports Master 8310","8310","0.357","125","0.14",".38 Caliber (.357) 125 gr. JSP","Sports Master","","","{"".133"": [1300, null], "".155"": [900, 1300] , "".140"": [0, 900]}"
"pistol","Sierra","Sierra .357 125gr Sports Master 8320","8320","0.357","125","0.14",".38 Caliber (.357) 125 gr. JHP","Sports Master","","","{"".133"": [1300, null], "".155"": [900, 1300] , "".140"": [0, 900]}"
"pistol","Sierra","Sierra .357 140gr Sports Master 8325","8325","0.357","140","0.157",".38 Caliber (.357) 140 gr. JHP","Sports Master","","","{"".0776"": [2100, null], "".118"": [1650, 2100] , "".145"": [1200, 1650] , "".155"": [900, 1200] , "".115"": [0, 900]}"
"pistol","Sierra","Sierra .357 158gr Sports Master 8340","8340","0.357","158","0.177",".38 Caliber (.357) 158 gr. JSP","Sports Master","","","{"".100"": [2100, null], "".124"": [1650, 2100] , "".161"": [1200, 1650] , "".175"": [900, 1200] , "".125"": [0, 900]}"
"pistol","Sierra","Sierra .357 158gr Sports Master 8360","8360","0.357","158","0.177",".38 Caliber (.357) 158 gr. JHC","Sports Master","","","{"".100"": [2100, null], "".124"": [1650, 2100] , "".161"": [1200, 1650] , "".175"": [900, 1200] , "".125"": [0, 900]}"
"pistol","Sierra","Sierra .357 170gr Tournament Master 8350","8350","0.357","170","0.191",".38 Caliber (.357) 170 gr. FMJ Match","Tournament Master","","","{"".175"": [1300, null], "".285"": [900, 1300] , "".222"": [0, 900]}"
"pistol","Sierra","Sierra .357 180gr Tournament Master 8370","8370","0.357","180","0.202",".38 Caliber (.357) 180 gr. FPJ Match","Tournament Master","","","{"".147"": [2000, null], "".171"": [1600, 2000] , "".199"": [1200, 1600] , "".210"": [900, 1200] , "".165"": [0, 900]}"
"pistol","Sierra","Sierra .4 135gr Sports Master 8425","8425","0.4","135","0.121","10 mm (.400) 135 gr. JHP","Sports Master","","","{"".105"": [1200, null], "".115"": [1000, 1200] , "".120"": [850, 1000] , "".105"": [0, 850]}"
"pistol","Sierra","Sierra .4 150gr Sports Master 8430","8430","0.4","150","0.134","10 mm (.400) 150 gr. JHP","Sports Master","","","{"".120"": [1150, null], "".130"": [1000, 1150] , "".142"": [850, 1000] , "".110"": [0, 850]}"
"pistol","Sierra","Sierra .4 165gr Sports Master 8445","8445","0.4","165","0.147","10 mm (400) 165 gr. JHP","Sports Master","","","{"".130"": [1150, null], "".145"": [1000, 1150] , "".155"": [850, 1000] , "".115"": [0, 850]}"
"pistol","Sierra","Sierra .4 165gr V-Crown 9465","9465","0.4","165","0.147","10 mm (.400) 165 gr. V-Crown JHP","V-Crown","","","{0"".132"": [1150, null], 0"".147"": [850, 1150] , 0"".118"": [0, 850]}"
"pistol","Sierra","Sierra .4 180gr Sports Master 8460","8460","0.4","180","0.161","10 mm (.400) 180 gr. JHP","Sports Master","","","{"".140"": [1150, null], "".160"": [1000, 1150] , "".170"": [850, 1000] , "".120"": [0, 850]}"
"pistol","Sierra","Sierra .41 170gr Sports Master 8500","8500","0.41","170","0.144",".41 Caliber (.410) 170 gr. JHC","Sports Master","","","{"".123"": [0, 1300], "".122"": [900, 1300] , "".120"": [0, 900]}"
"pistol","Sierra","Sierra .41 210gr Sports Master 8520","8520","0.41","210","0.178",".41 Caliber (.410) 210 gr. JHC","Sports Master","","","{"".165"": [1300, null], "".210"": [900, 1300] , "".160"": [0, 900]}"
"pistol","Sierra","Sierra .4295 180gr Sports Master 8600","8600","0.4295","180","0.139",".44 Caliber (.4295) 180 gr. JHC","Sports Master","","","{"".130"": [1300, null], "".125"": [900, 1300] , "".140"": [0, 900]}"
"pistol","Sierra","Sierra .4295 210gr Sports Master 8620","8620","0.4295","210","0.163",".44 Caliber (.4295) 210 gr. JHC","Sports Master","","","{"".160"": [1200, null], "".175"": [900, 1200] , "".170"": [0, 900]}"
"pistol","Sierra","Sierra .4295 220gr Tournament Master 8605","8605","0.4295","220","0.17",".44 Caliber (.4295) 220 gr. FPJ Match","Tournament Master","","","{"".180"": [1300, null], "".185"": [1100, 1300] , "".200"": [900, 1100] , "".170"": [0, 900]}"
"pistol","Sierra","Sierra .4295 240gr Sports Master 8610","8610","0.4295","240","0.186",".44 Caliber (.4295) 240 gr. JHC","Sports Master","","","{"".185"": [1300, null], "".172"": [900, 1300] , "".171"": [0, 900]}"
"pistol","Sierra","Sierra .4295 250gr Tournament Master 8615","8615","0.4295","250","0.194",".44 Caliber (.4295) 250 gr. FPJ Match","Tournament Master","","","{"".213"": [1200, null], "".230"": [900, 1200] , "".195"": [0, 900]}"
"pistol","Sierra","Sierra .4295 300gr Sports Master 8630","8630","0.4295","300","0.232",".44 Caliber (.4295) 300 gr. JSP","Sports Master","","","{"".230"": [1200, null], "".250"": [900, 1200] , "".195"": [0, 900]}"
"pistol","Sierra","Sierra .4515 185gr Sports Master 8800","8800","0.4515","185","0.13",".45 Caliber (.4515) 185 gr. JHP","Sports Master","","","{"".100"": [1200, null], "".110"": [900, 1200] , "".135"": [0, 900]}"
"pistol","Sierra","Sierra .4515 185gr Tournament Master 8810","8810","0.4515","185","0.13",".45 Caliber (.4515) 185 gr. FPJ Match","Tournament Master","","","{"".110"": [1200, null], "".135"": [900, 1200] , "".135"": [0, 900]}"
"pistol","Sierra","Sierra .4515 200gr Tournament Master 8825","8825","0.4515","200","0.14",".45 Caliber (.4515) 200 gr. FPJ Match","Tournament Master","","","{"".120"": [1200, null], "".145"": [900, 1200] , "".150"": [0, 900]}"
"pistol","Sierra","Sierra .4515 200gr V-Crown 9820","9820","0.4515","200","0.14",".45 Caliber (.4515) 200 gr. V-Crown JHP Match","V-Crown","","","{"".118"": [1200, null], "".143"": [900, 1200] , "".148"": [0, 900]}"
"pistol","Sierra","Sierra .4515 230gr Sports Master 8805","8805","0.4515","230","0.161",".45 Caliber (.4515) 230 gr. JHP","Sports Master","","","{"".145"": [1300, null], "".169"": [1299, 900] , "".141"": [0, 900]}"
"pistol","Sierra","Sierra .4515 230gr Tournament Master 8815","8815","0.4515","230","0.161",".45 Caliber (.4515) 230 gr. FMJ Match","Tournament Master","","","{"".140"": [1100, null], "".200"": [900, 1100] , "".205"": [0, 900]}"
"pistol","Sierra","Sierra .4515 240gr Sports Master 8820","8820","0.4515","240","0.168",".45 Caliber (.4515) 240 gr. JHC","Sports Master","","","{"".150"": [1100, null], "".160"": [900, 1100] , "".170"": [0, 900]}"
"pistol","Sierra","Sierra .4515 300gr Sports Master 8830","8830","0.4515","300","0.21",".45 Caliber (.4515) 300 gr. JSP","Sports Master","","","{"".192"": [1400, null], "".121"": [1200, 1400] , "".240"": [900, 1200] , "".165"": [0, 900]}"
"pistol","Sierra","Sierra .5 350gr Sports Master 5350","5350","0.5","350","0.2","50 Caliber, 350 gr. JHP (50 bullets)","Sports Master","","","{"".155"": [1775, null], "".158"": [1620, 1775] , "".169"": [1470, 1620] , "".177"": [1300, 1470] , "".188"": [0, 1300]}"
"pistol","Sierra","Sierra .5 350gr Sports Master 5400","5400","0.5","350","0.229","50 Caliber, 400 grain JSP","Sports Master","","","{"".185"": [1600, null], "".198"": [1450, 1600] , "".212"": [1280, 1450] , "".227"": [1150, 1280] , "".234"": [1150, null]}"
"rifle","Sierra","Sierra .204 32gr BlitzKing 1032","1032","0.204","32","0.11",".20 Caliber (.204) 32 gr. BlitzKing","BlitzKing","","","{"".221"": [3950, null], "".218"": [3950, 3625] , "".204"": [3625, 3300] , "".189"": [3300, 2225] , "".179"": [2225, 1750]}"
"rifle","Sierra","Sierra .204 39gr BlitzKing 1039","1039","0.204","39","0.134",".20 Caliber (.204) 39 gr. BlitzKing","BlitzKing","","","{"".287"": [3600, null], "".270"": [3400, 3600] , "".255"": [2800, 3400] , "".236"": [2300, 2800] , "".210"": [1900, 2300]}"
"rifle","Sierra","Sierra .223 40gr Varminter 1100","1100","0.223","40","0.115",".22 Caliber (.223) 40 gr. Hornet","Varminter","","","{"".117"": [2800, null], "".123"": [2000, 2800] , "".136"": [0, 2000]}"
"rifle","Sierra","Sierra .223 45gr Varminter 1110","1110","0.223","45","0.129",".22 Caliber (.223) 45 gr. Hornet","Varminter","","","{"".132"": [2800, null], "".138"": [2000, 2800] , "".153"": [0, 2000]}"
"rifle","Sierra","Sierra .224 40gr Varminter 1200","1200","0.224","40","0.114",".22 Caliber (.224) 40 gr. Hornet","Varminter","","","{"".116"": [2800, null], "".122"": [2000, 2800] , "".135"": [0, 2000]}"
"rifle","Sierra","Sierra .224 40gr Varminter 1385","1385","0.224","40","0.114",".22 Caliber (.224) High Velocity 40 gr. HP","Varminter","","","{"".155"": [2400, null], "".160"": [2400, 2000] , "".165"": [0, 2000]}"
"rifle","Sierra","Sierra .224 40gr BlitzKing 1440","1440","0.224","40","0.114",".22 Caliber (.224) High Velocity 40 gr. BlitzKing","BlitzKing","","","{"".196"": [3000, null], "".182"": [2750, 3000] , "".177"": [2250, 2750] , "".171"": [0, 2250]}"
"rifle","Sierra","Sierra .224 45gr Varminter 1210","1210","0.224","45","0.128",".22 Caliber (.224) 45 gr. Hornet","Varminter","","","{"".131"": [2800, null], "".137"": [2000, 2800] , "".152"": [0, 2000]}"
"rifle","Sierra","Sierra .224 45gr Varminter 1310","1310","0.224","45","0.128",".22 Caliber (.224) 45 gr. SPT","Varminter","","","{"".210"": [3000, null], "".196"": [1800, 3000] , "".181"": [0, 1800]}"
"rifle","Sierra","Sierra .224 50gr Varminter 1320","1320","0.224","50","0.142",".22 Caliber (.224) High Velocity 50 gr. SMP","Varminter","","","{"".192"": [2800, null], "".190"": [1800, 2800] , "".190"": [0, 1800]}"
"rifle","Sierra","Sierra .224 50gr Varminter 1330","1330","0.224","50","0.142",".22 Caliber (.224) High Velocity 50 gr. SPT","Varminter","","","{"".222"": [2800, null], "".217"": [1800, 2800] , "".207"": [0, 1800]}"
"rifle","Sierra","Sierra .224 50gr Varminter 1340","1340","0.224","50","0.142",".22 Caliber (.224) Medium Velocity 50 gr. Spitzer Blitz","Varminter","","","{"".222"": [2800, null], "".217"": [1800, 2800] , "".207"": [0, 1800]}"
"rifle","Sierra","Sierra .224 50gr BlitzKing 1450","1450","0.224","50","0.142",".22 Caliber (.224) High Velocity 50 gr. BlitzKing","BlitzKing","","","{"".248"": [3300, null], "".243"": [2650, 3300] , "".232"": [2050, 2650] , "".222"": [1800, 2050] , "".203"": [0, 1800]}"
"rifle","Sierra","Sierra .224 52gr MatchKing 1410","1410","0.224","52","0.148",".22 Caliber (.224) 52 gr. HPBT MatchKing","MatchKing","","","{"".225"": [3000, null], "".218"": [2200, 3000] , "".212"": [0, 2200]}"
"rifle","Sierra","Sierra .224 53gr MatchKing 1400","1400","0.224","53","0.151",".22 Caliber (.224) 53 gr. HP Match","MatchKing","","","{"".224"": [2800, null], "".217"": [1800, 2800] , "".209"": [0, 1800]}"
"rifle","Sierra","Sierra .224 55gr Varminter 1345","1345","0.224","55","0.157",".22 Caliber (.224) Medium Velocity 55 gr. Spitzer Blitz","Varminter","","","{"".237"": [2900, null], "".239"": [1800, 2900] , "".230"": [0, 1800]}"
"rifle","Sierra","Sierra .224 55gr Varminter 1350","1350","0.224","55","0.157",".22 Caliber (.224) High Velocity 55 gr. SMP","Varminter","","","{"".204"": [2800, null], "".212"": [1800, 2800] , "".220"": [0, 1800]}"
"rifle","Sierra","Sierra .224 55gr GameKing 1355","1355","0.224","55","0.157",".22 Caliber (.224) High Velocity 55 gr. FMJBT","GameKing","","","{"".272"": [3000, null], "".245"": [2400, 3000] , "".235"": [0, 2400]}"
"rifle","Sierra","Sierra .224 55gr Varminter 1360","1360","0.224","55","0.157",".22 Caliber (.224) High Velocity 55 gr. SPT","Varminter","","","{"".237"": [2800, null], "".239"": [1800, 2800] , "".230"": [0, 1800]}"
"rifle","Sierra","Sierra .224 55gr GameKing 1365","1365","0.224","55","0.157",".22 Caliber (.224) High Velocity 55 gr. SBT","GameKing","","","{"".250"": [3000, null], "".245"": [2000, 3000] , "".235"": [0, 2000]}"
"rifle","Sierra","Sierra .224 55gr GameKing 1390","1390","0.224","55","0.157",".22 Caliber (.224) High Velocity 55 gr. HPBT","GameKing","","","{"".185"": [2800, null], "".189"": [1800, 2800] , "".193"": [0, 1800]}"
"rifle","Sierra","Sierra .224 55gr BlitzKing 1455","1455","0.224","55","0.157",".22 Caliber (.224) High Velocity 55 gr. BlitzKing","BlitzKing","","","{"".271"": [3100, null], "".264"": [2550, 3100] , "".250"": [2050, 2550] , "".236"": [1800, 2050] , "".224"": [0, 1800]}"
"rifle","Sierra","Sierra .224 60gr Varminter 1375","1375","0.224","60","0.171",".22 Caliber (.224) High Velocity 60 gr. HP","Varminter","","","{"".246"": [2800, null], "".240"": [2000, 2800] , "".246"": [0, 2000]}"
"rifle","Sierra","Sierra .224 63gr Varminter 1370","1370","0.224","63","0.179",".22 Caliber (.224) High Velocity 63 gr. SMP","Varminter","","","{"".231"": [2800, null], "".235"": [2000, 2800] , "".240"": [0, 2000]}"
"rifle","Sierra","Sierra .224 65gr GameKing 1395","1395","0.224","65","0.185",".22 cal, 65 gr. SBT GameKing","GameKing","","","{"".303"": [2750, null], "".297"": [2450, 2750] , "".293"": [2150, 2450] , "".287"": [1150, 2150] , "".270"": [0, 1150]}"
"rifle","Sierra","Sierra .224 69gr MatchKing 1380","1380","0.224","69","0.196",".22 Caliber (.224) 69 gr. HPBT MatchKing","MatchKing","","","{"".301"": [2800, null], "".305"": [2200, 2800] , "".317"": [0, 2200]}"
"rifle","Sierra","Sierra .224 69gr Tipped MatchKing 7169","7169","0.224","69","0.196",".22 Caliber (.224) 69 gr. Tipped MatchKing (TMK)","Tipped MatchKing","","","{"".375"": [2700, null], "".365"": [1950, 2700] , "".335"": [1700, 1950] , "".305"": [0, 1700]}"
"rifle","Sierra","Sierra .224 77gr Tipped MatchKing 7177","7177","0.224","77","0.219",".22 Caliber (.224) 77 gr. Tipped MatchKing (TMK)","Tipped MatchKing","","","{"".420"": [2400, null], "".415"": [2000, 2400] , "".395"": [1750, 2000] , "".380"": [0, 1750]}"
"rifle","Sierra","Sierra .224 77gr MatchKing 9377","9377","0.224","77","0.219",".22 Caliber (.224) 77 gr. HPBT MatchKing","MatchKing","","","{"".372"": [3000, null], "".362"": [3000, 2500] , "".362"": [2500, 1700] , "".343"": [0, 1700]}"
"rifle","Sierra","Sierra .224 80gr MatchKing 9390","9390","0.224","80","0.228",".22 Caliber (.224) 80 gr. HPBT MatchKing","MatchKing","","","{"".461"": [2100, null], "".453"": [2100, 1750] , "".420"": [0, 1750]}"
"rifle","Sierra","Sierra .224 90gr MatchKing 9290","9290","0.224","90","0.256",".22 Caliber (.224) 90 gr. HPBT MatchKing","MatchKing","","","{"".563"": [2080, null], "".550"": [2080, 1640] , "".480"": [0, 1640]}"
"rifle","Sierra","Sierra .224 95gr MatchKing 1396","1396","0.224","95","0.27",".22 Caliber (.224) 95 gr. HPBT MatchKing","MatchKing","","","{"".600"": [1600, null], "".556"": [1600, 1440] , "".506"": [0, 1400]}"
"rifle","Sierra","Sierra .243 55gr BlitzKing 1502","1502","0.243","55","0.133","6mm .243 Caliber (.243) 55 gr. BlitzKing","BlitzKing","","","{"".2250"": [2950, null], "".2106"": [2275, 2950] , "".2025"": [0, 2275]}"
"rifle","Sierra","Sierra .243 60gr Varminter 1500","1500","0.243","60","0.145","6mm .243 Caliber (.243) 60 gr. HP","Varminter","","","{"".182"": [2500, null], "".193"": [1800, 2500] , "".205"": [0, 1800]}"
"rifle","Sierra","Sierra .243 70gr MatchKing 1505","1505","0.243","70","0.169","6mm .243 Caliber (.243) 70 gr. HPBT MatchKing","MatchKing","","","{"".259"": [2800, null], "".257"": [2200, 2800] , "".270"": [0, 2200]}"
"rifle","Sierra","Sierra .243 70gr BlitzKing 1507","1507","0.243","70","0.169","6mm .243 Caliber (.243) 70 gr. BlitzKing","BlitzKing","","","{"".299"": [3200, null], "".288"": [2600, 3200] , "".278"": [2200, 2599] , "".257"": [1800, 2199] , "".237"": [0, 1799]}"
"rifle","Sierra","Sierra .243 75gr Varminter 1510","1510","0.243","75","0.181","6mm .243 Caliber (.243) 75 gr. HP","Varminter","","","{"".217"": [2800, null], "".221"": [2200, 2800] , "".232"": [0, 2200]}"
"rifle","Sierra","Sierra .243 80gr Varminter 1515","1515","0.243","80","0.194","6mm .243 Caliber (.243) 80 gr. Blitz SBT","Varminter","","","{"".319"": [2800, null], "".310"": [2200, 2800] , "".295"": [0, 2200]}"
"rifle","Sierra","Sierra .243 85gr Varminter 1520","1520","0.243","85","0.206","6mm .243 Caliber (.243) 85 gr. SPT","Varminter","","","{"".315"": [2800, null], "".307"": [2200, 2800] , "".304"": [0, 2200]}"
"rifle","Sierra","Sierra .243 85gr GameKing 1530","1530","0.243","85","0.206","6mm .243 Caliber (.243) 85 gr. HPBT","GameKing","","","{"".311"": [1800, null], "".304"": [1800, 1500] , "".285"": [0, 1500]}"
"rifle","Sierra","Sierra .243 90gr GameKing 1535","1535","0.243","90","0.218","6mm .243 Caliber (.243) 90 gr. FMJBT","GameKing","","","{"".387"": [2800, null], "".376"": [2100, 2800] , "".368"": [0, 2100]}"
"rifle","Sierra","Sierra .243 95gr MatchKing 1537","1537","0.243","95","0.23","6mm .243 caliber (.243) 95 gr. HPBT MatchKing","MatchKing","","","{"".490"": [2750, null], "".460"": [2750, 1700] , "".450"": [0, 1700]}"
"rifle","Sierra","Sierra .243 95gr Tipped MatchKing 7295","7295","0.243","95","0.23",".243 Caliber (.243) 95 gr. Tipped MatchKing (TMK)","Tipped MatchKing","","","{"".500"": [3050, null], "".490"": [3050, 1550] , "".460"": [0, 1550]}"
"rifle","Sierra","Sierra .243 100gr Pro-Hunter 1540","1540","0.243","100","0.242","6mm .243 Caliber (.243) 100 gr. SPT","Pro-Hunter","","","{"".373"": [2800, null], "".363"": [2200, 2800] , "".352"": [1700, 2200] , "".342"": [0, 1700]}"
"rifle","Sierra","Sierra .243 100gr GameKing 1560","1560","0.243","100","0.242","6mm .243 Caliber (.243) 100 gr. SBT","GameKing","","","{"".430"": [2800, null], "".419"": [2200, 2800] , "".397"": [1700, 2200] , "".385"": [0, 1700]}"
"rifle","Sierra","Sierra .243 107gr MatchKing 1570","1570","0.243","107","0.259","6mm .243 Caliber (.243) 107 gr. HPBT MatchKing","MatchKing","","","{"".547"": [2500, null], "".542"": [2500, 1800] , "".529"": [1800, 1600] , "".519"": [0, 1600]}"
"rifle","Sierra","Sierra .243 110gr MatchKing 1575","1575","0.243","110","0.266","6mm .243 Caliber (.243) 110 gr. HPBT MatchKing","MatchKing","","","{"".617"": [2600, null], "".605"": [1900, 2600] , "".580"": [0, 1900]}"
"rifle","Sierra","Sierra .257 70gr BlitzKing 1605","1605","0.257","70","0.151",".25 Caliber (.257) 70 gr. BlitzKing","BlitzKing","","","{"".260"": [3150, null], "".251"": [3150, 2800] , "".242"": [2800, 1800] , "".230"": [0, 1800]}"
"rifle","Sierra","Sierra .257 75gr Varminter 1600","1600","0.257","75","0.162",".25 Caliber (.257) 75 gr. HP","Varminter","","","{"".189"": [2600, null], "".197"": [2000, 2600] , "".210"": [1500, 2000] , "".230"": [0, 1500]}"
"rifle","Sierra","Sierra .257 87gr Varminter 1610","1610","0.257","87","0.188",".25 Caliber (.257) 87 gr. SPT","Varminter","","","{"".293"": [2800, null], "".289"": [2100, 2800] , "".283"": [1500, 2100] , "".272"": [0, 1500]}"
"rifle","Sierra","Sierra .257 90gr GameKing 1615","1615","0.257","90","0.195",".25 Caliber (.257) 90 gr. HPBT","GameKing","","","{"".250"": [2800, null], "".260"": [2000, 2800] , "".267"": [1400, 2000] , "".255"": [0, 1400]}"
"rifle","Sierra","Sierra .257 90gr BlitzKing 1616","1616","0.257","90","0.195",".25 Caliber (.257) 90 gr. BlitzKing","BlitzKing","","","{"".388"": [3100, null], "".375"": [3100, 2900] , "".345"": [2900, 2400] , "".330"": [0, 2400]}"
"rifle","Sierra","Sierra .257 100gr Pro-Hunter 1620","1620","0.257","100","0.216",".25 Caliber (.257) 100 gr. SPT","Pro-Hunter","","","{"".330"": [2400, null], "".322"": [1700, 2400] , "".296"": [0, 1700]}"
"rifle","Sierra","Sierra .257 100gr GameKing 1625","1625","0.257","100","0.216",".25 Caliber (.257) 100 gr. SBT","GameKing","","","{"".355"": [2800, null], "".333"": [1600, 2800] , "".310"": [0, 1600]}"
"rifle","Sierra","Sierra .257 100gr MatchKing 1628","1628","0.257","100","0.216",".25 Caliber (.257) 100 gr. HPBT MatchKing","MatchKing","","","{"".394"": [3250, null], "".386"": [2800, 3250] , "".376"": [2350, 2800] , "".372"": [0, 2300]}"
"rifle","Sierra","Sierra .257 117gr GameKing 1630","1630","0.257","117","0.253",".25 Caliber (.257) 117 gr. SBT","GameKing","","","{"".410"": [2500, null], "".403"": [1800, 2500] , "".370"": [0, 1800]}"
"rifle","Sierra","Sierra .257 117gr Pro-Hunter 1640","1640","0.257","117","0.253",".25 Caliber (.257) 117 gr. SPT","Pro-Hunter","","","{"".388"": [2500, null], "".383"": [1800, 2500] , "".362"": [0, 1800]}"
"rifle","Sierra","Sierra .257 120gr GameKing 1650","1650","0.257","120","0.26",".25 Caliber (.257) 120 gr. HPBT","GameKing","","","{"".350"": [2400, null], "".357"": [1600, 2400] , "".330"": [0, 1600]}"
"rifle","Sierra","Sierra .264 85gr Varminter 1700","1700","0.264","85","0.174","6.5 mm/.264 Caliber (.264) 85 gr. HP","Varminter","","","{"".225"": [2700, null], "".237"": [2100, 2700] , "".250"": [1600, 2100] , "".264"": [0, 1600]}"
"rifle","Sierra","Sierra .264 100gr Varminter 1710","1710","0.264","100","0.205","6.5 mm/.264 Caliber (.264) 100 gr. HP","Varminter","","","{"".259"": [2300, null], "".282"": [1800, 2300] , "".300"": [0, 1800]}"
"rifle","Sierra","Sierra .264 107gr MatchKing 1715","1715","0.264","107","0.219","6.5 mm/.264 Caliber (.264) 107 gr. HPBT MatchKing","MatchKing","","","{"".430"": [3350, null], "".420"": [2800, 3350] , "".406"": [2300, 2800] , "".395"": [1800, 2300] , "".385"": [0, 1800]}"
"rifle","Sierra","Sierra .264 107gr Tipped MatchKing 7407","7407","0.264","107","0.219","6.5 mm/.264 Caliber (.264) 107 gr. Tipped MatchKing","Tipped MatchKing","","","{"".445"": [2200, null], "".455"": [2200, 1600] , "".415"": [0, 1600]}"
"rifle","Sierra","Sierra .264 120gr Pro-Hunter 1720","1720","0.264","120","0.246","6.5 mm/.264 Caliber (.264) 120 gr. SPT","Pro-Hunter","","","{"".356"": [2800, null], "".368"": [2200, 2800] , "".386"": [1800, 2200] , "".400"": [0, 1800]}"
"rifle","Sierra","Sierra .264 120gr MatchKing 1725","1725","0.264","120","0.246","6.5 mm/.264 Caliber (.264) 120 gr. HPBT MatchKing","MatchKing","","","{"".421"": [3100, null], "".409"": [2800, 3100] , "".403"": [2000, 2800] , "".417"": [0, 2000]}"
"rifle","Sierra","Sierra .264 123gr MatchKing 1727","1727","0.264","123","0.252","6.5 mm/.264 Caliber (.264) 123 gr. HPBT MatchKing","MatchKing","","","{"".510"": [1635, null], "".477"": [1400, 1635] , "".450"": [1250, 1400] , "".420"": [0, 1250]}"
"rifle","Sierra","Sierra .264 130gr GameKing 1728","1728","0.264","130","0.266","6.5mm/.264 Caliber (.264) 130 gr. HPBT","GameKing","","","{"".355"": [2400, null], "".375"": [2400, 1850] , "".395"": [0, 1850]}"
"rifle","Sierra","Sierra .264 130gr Tipped MatchKing 7430","7430","0.264","130","0.266",".264 Caliber (.264) 130 gr. Tipped MatchKing (TMK)","Tipped MatchKing","","","{"".518"": [2200, null], "".535"": [2200, 1625] , "".495"": [0, 1625]}"
"rifle","Sierra","Sierra .264 140gr GameKing 1730","1730","0.264","140","0.287","6.5 mm/.264 Caliber (.264) 140 gr. SBT","GameKing","","","{"".495"": [2800, null], "".490"": [2000, 2800] , "".480"": [0, 2000]}"
"rifle","Sierra","Sierra .264 140gr MatchKing 1740","1740","0.264","140","0.287","6.5 mm/.264 Caliber (.264) 140 gr. HPBT MatchKing","MatchKing","","","{"".535"": [2800, null], "".526"": [2000, 2800] , "".521"": [0, 2000]}"
"rifle","Sierra","Sierra .264 142gr MatchKing 1742","1742","0.264","142","0.291","6.5 mm/.264 Caliber (.264) 142 gr. HPBT MatchKing","MatchKing","","","{"".626"": [2850, null], "".611"": [2850, 2400] , "".606"": [2400, 2050] , "".581"": [0, 2050]}"
"rifle","Sierra","Sierra .264 150gr MatchKing 1755","1755","0.264","150","0.307","6.5 mm/.264 Caliber (.264) 150 gr. HPBT MatchKing","MatchKing","","","{"".713"": [1760, null], "".686"": [1760, 1240] , "".621"": [0, 1240]}"
"rifle","Sierra","Sierra .277 90gr Varminter 1800","1800","0.277","90","0.168",".270 Caliber (.277) 90 gr. HP","Varminter","","","{"".195"": [2800, null], "".203"": [2200, 2800] , "".219"": [1800, 2200] , "".240"": [0, 1800]}"
"rifle","Sierra","Sierra .277 110gr Pro-Hunter 1810","1810","0.277","110","0.205",".270 Caliber (.277) 110 gr. SPT","Pro-Hunter","","","{"".318"": [2800, null], "".314"": [2000, 2800] , "".308"": [1600, 2000] , "".297"": [0, 1600]}"
"rifle","Sierra","Sierra .277 115gr MatchKing 1815","1815","0.277","115","0.214",".270 Caliber (.277) 115 gr. HPBT MatchKing","MatchKing","","","{"".324"": [2400, null], "".317"": [1800, 2400] , "".267"": [0, 1800]}"
"rifle","Sierra","Sierra .277 130gr GameKing 1820","1820","0.277","130","0.242",".270 Caliber (.277) 130 gr. SBT","GameKing","","","{"".436"": [2800, null], "".418"": [2200, 2800] , "".402"": [1800, 2200] , "".387"": [0, 1800]}"
"rifle","Sierra","Sierra .277 130gr Pro-Hunter 1830","1830","0.277","130","0.242",".270 Caliber (.277) 130 gr. SPT","Pro-Hunter","","","{"".370"": [2700, null], "".379"": [2200, 2700] , "".383"": [0, 2200]}"
"rifle","Sierra","Sierra .277 135gr MatchKing 1833","1833","0.277","135","0.251",".270 Caliber (.277) 135 gr. HPBT MatchKing","MatchKing","","","{"".488"": [2800, null], "".482"": [2000, 2800] , "".440"": [1500, 2000] , "".390"": [0, 1500]}"
"rifle","Sierra","Sierra .277 140gr GameKing 1835","1835","0.277","140","0.261",".270 Caliber (.277) 140 gr. HPBT","GameKing","","","{"".337"": [2700, null], "".345"": [2200, 2700] , "".366"": [1700, 2200] , "".390"": [0, 1700]}"
"rifle","Sierra","Sierra .277 140gr GameKing 1845","1845","0.277","140","0.261",".270 Caliber (.277) 140 gr. SBT","GameKing","","","{"".457"": [2800, null], "".450"": [2200, 2800] , "".437"": [1800, 2200] , "".412"": [0, 1800]}"
"rifle","Sierra","Sierra .277 150gr GameKing 1840","1840","0.277","150","0.279",".270 Caliber (.277) 150 gr. SBT","GameKing","","","{"".483"": [2800, null], "".476"": [2200, 2800] , "".462"": [1800, 2200] , "".435"": [0, 1800]}"
"rifle","Sierra","Sierra .284 100gr Varminter 1895","1895","0.284","100","0.177","7 mm/.284 Caliber (.284) 100 gr. HP","Varminter","","","{"".209"": [2900, null], "".215"": [2300, 2900] , "".234"": [1700, 2300] , "".254"": [0, 1700]}"
"rifle","Sierra","Sierra .284 120gr Pro-Hunter 1900","1900","0.284","120","0.213","7 mm/.284 Caliber (.284) 120 gr. SPT","Pro-Hunter","","","{"".328"": [2800, null], "".326"": [2200, 2800] , "".333"": [0, 2200]}"
"rifle","Sierra","Sierra .284 130gr MatchKing 1903","1903","0.284","130","0.23","7 mm/.284 Caliber (.284) 130 gr. HPBT MatchKing","MatchKing","","","{"".395"": [2850, null], "".391"": [2300, 2850] , "".387"": [1800, 2300] , "".370"": [0, 1800]}"
"rifle","Sierra","Sierra .284 140gr GameKing 1905","1905","0.284","140","0.248","7 mm/.284 Caliber (.284) 140 gr. SBT","GameKing","","","{"".416"": [2400, null], "".418"": [1800, 2400] , "".423"": [0, 1800]}"
"rifle","Sierra","Sierra .284 140gr Pro-Hunter 1910","1910","0.284","140","0.248","7 mm/.284 Caliber (.284) 140 gr. SPT","Pro-Hunter","","","{"".377"": [2400, null], "".386"": [1800, 2400] , "".400"": [0, 1800]}"
"rifle","Sierra","Sierra .284 140gr GameKing 1912","1912","0.284","140","0.248","7mm/.284 Caliber (.284) 140 gr. HPBT","GameKing","","","{"".375"": [2500, null], "".385"": [2500, 2150] , "".395"": [2150, 1850] , "".405"": [0, 1850]}"
"rifle","Sierra","Sierra .284 150gr GameKing 1913","1913","0.284","150","0.266","7 mm/.284 Caliber (.284) 150 gr. SBT","GameKing","","","{"".436"": [2500, null], "".430"": [2000, 2500] , "".410"": [0, 2000]}"
"rifle","Sierra","Sierra .284 150gr MatchKing 1915","1915","0.284","150","0.266","7 mm/.284 Caliber (.284) 150 gr. HPBT MatchKing","MatchKing","","","{"".429"": [2400, null], "".435"": [1700, 2400] , "".450"": [0, 1700]}"
"rifle","Sierra","Sierra .284 160gr GameKing 1920","1920","0.284","160","0.283","7 mm/.284 Caliber (.284) 160 gr. SBT","GameKing","","","{"".455"": [2800, null], "".470"": [2300, 2800] , "".472"": [1600, 2300] , "".460"": [0, 1600]}"
"rifle","Sierra","Sierra .284 160gr GameKing 1925","1925","0.284","160","0.283","7 mm/.284 Caliber (.284) 160 gr. HPBT","GameKing","","","{"".384"": [2800, null], "".394"": [1800, 2800] , "".404"": [0, 1800]}"
"rifle","Sierra","Sierra .284 160gr Tipped MatchKing 7660","7660","0.284","160","0.283",".284 Caliber (.284) 160 gr. Tipped MatchKing (TMK)","Tipped MatchKing","","","{"".600"": [2140, null], "".615"": [2140, 1600] , "".585"": [0, 1600]}"
"rifle","Sierra","Sierra .284 168gr MatchKing 1930","1930","0.284","168","0.298","7 mm/.284 Caliber (.284) 168 gr. HPBT MatchKing","MatchKing","","","{"".488"": [2800, null], "".494"": [2000, 2800] , "".484"": [0, 2000]}"
"rifle","Sierra","Sierra .284 175gr GameKing 1940","1940","0.284","175","0.31","7 mm/.284 Caliber (.284) 175 gr. SBT","GameKing","","","{"".533"": [2500, null], "".538"": [2000, 2500] , "".560"": [0, 2000]}"
"rifle","Sierra","Sierra .284 175gr MatchKing 1975","1975","0.284","175","0.31","7mm/.284 Caliber (.284) 175 gr. HPBT MatchKing","MatchKing","","","{"".608"": [2100, null], "".582"": [1530, 2100] , "".532"": [1300, 1530] , "".500"": [0, 1300]}"
"rifle","Sierra","Sierra .284 180gr MatchKing 1980","1980","0.284","180","0.319","7 mm/.284 Caliber (.284) 180 gr. HPBT MatchKing","MatchKing","","","{"".660"": [1650, null], "".650"": [1650, 1500] , "".610"": [0, 1500]}"
"rifle","Sierra","Sierra .284 183gr MatchKing 1983","1983","0.284","183","0.324","7 mm/.284 Caliber (.284) 183 gr. HPBT MatchKing","MatchKing","","","{0"".707"": [2300, null], 0"".713"": [2300, 1720] , 0"".690"": [0, 1720]}"
"rifle","Sierra","Sierra .284 197gr MatchKing 1997","1997","0.284","197","0.349","7 mm/.284 Caliber (.284) 197 gr. HPBT MatchKing","MatchKing","","","{0"".780"": [2300, null], 0"".765"": [2300, 1550] , 0"".711"": [0, 1550]}"
"rifle","Sierra","Sierra .308 110gr Pro-Hunter 2100","2100","0.308","110","0.166",".30 Caliber/7.62mm (.308) 110 gr. RN","Pro-Hunter","","","{"".144"": [2800, null], "".154"": [2000, 2800] , "".170"": [1350, 2000] , "".180"": [0, 1350]}"
"rifle","Sierra","Sierra .308 110gr Pro-Hunter 2105","2105","0.308","110","0.166",".30 Caliber/7.62mm (.308) 110 gr. FMJ","Pro-Hunter","","","{"".144"": [2800, null], "".154"": [2000, 2800] , "".170"": [1350, 2000] , "".180"": [0, 1350]}"
"rifle","Sierra","Sierra .308 110gr Varminter 2110","2110","0.308","110","0.166",".30 Caliber/7.62mm (.308) 110 gr. HP","Varminter","","","{"".177"": [2800, null], "".188"": [2000, 2800] , "".204"": [1350, 2000] , "".215"": [0, 1350]}"
"rifle","Sierra","Sierra .308 125gr Pro-Hunter 2020","2020","0.308","125","0.188",".30 Caliber (.308) (.30-30) 125 gr. HP/FN (30-30)","Pro-Hunter","","","{"".119"": [2400, null], "".153"": [1800, 2400] , "".186"": [0, 1800]}"
"rifle","Sierra","Sierra .308 125gr Pro-Hunter 2120","2120","0.308","125","0.188",".30 Caliber/7.62mm (.308) 125 gr. SPT","Pro-Hunter","","","{"".279"": [2800, null], "".277"": [2000, 2800] , "".264"": [0, 2000]}"
"rifle","Sierra","Sierra .308 125gr MatchKing 2121","2121","0.308","125","0.188",".30 caliber / 7.62mm (.308) 125 gr. HP MatchKing","MatchKing","","","{"".349"": [2650, null], "".338"": [2650, 2000] , "".330"": [2000, 1600], "".310"": [0, 1600]}"
"rifle","Sierra","Sierra .308 125gr Tipped MatchKing 7725","7725","0.308","125","0.188",".30 Caliber/7.62mm (.308) 125 gr. Tipped MatchKing (TMK)","Tipped MatchKing","","","{"".343"": [2580, null], "".338"": [2180, 2580] , "".332"": [0, 2180]}"
"rifle","Sierra","Sierra .308 135gr MatchKing 2123","2123","0.308","135","0.203",".30 Caliber/7.62mm (.308) 135 gr. HPBT MatchKing","MatchKing","","","{"".390"": [3250, null], "".370"": [3250, 1900] , "".345"": [1900, 1500] , "".300"": [0, 1500]}"
"rifle","Sierra","Sierra .308 135gr Varminter 2124","2124","0.308","135","0.203",".30 Caliber/7.62mm (.308) 135 gr HP Varminter","Varminter","","","{0"".308"": [2350, null], 0"".290"": [1900, 2350] , 0"".275"": [0, 1900]}"
"rifle","Sierra","Sierra .308 150gr Pro-Hunter 2000","2000","0.308","150","0.226",".30 Caliber (.308) (.30-30) 150 gr. FN (30-30)","Pro-Hunter","","","{"".185"": [2400, null], "".224"": [1800, 2400] , "".265"": [0, 1800]}"
"rifle","Sierra","Sierra .308 150gr GameKing 2115","2115","0.308","150","0.226",".30 Caliber/7.62mm (.308) 150 gr. FMJBT","GameKing","","","{"".408"": [2800, null], "".397"": [1800, 2800] , "".387"": [0, 1800]}"
"rifle","Sierra","Sierra .308 150gr GameKing 2125","2125","0.308","150","0.226",".30 Caliber/7.62mm (.308) 150 gr. SBT","GameKing","","","{"".380"": [2600, null], "".368"": [1800, 2600] , "".360"": [0, 1800]}"
"rifle","Sierra","Sierra .308 150gr Pro-Hunter 2130","2130","0.308","150","0.226",".30 Caliber/7.62mm (.308) 150 gr. SPT","Pro-Hunter","","","{"".336"": [2600, null], "".346"": [1800, 2600] , "".360"": [0, 1800]}"
"rifle","Sierra","Sierra .308 150gr Pro-Hunter 2135","2135","0.308","150","0.226",".30 Caliber/7.62mm (.308) 150 gr. RN","Pro-Hunter","","","{"".200"": [2700, null], "".227"": [1700, 2700] , "".270"": [0, 1700]}"
"rifle","Sierra","Sierra .308 150gr MatchKing 2190","2190","0.308","150","0.226",".30 Caliber/7.62mm (.308) 150 gr. HPBT MatchKing","MatchKing","","","{"".417"": [2800, null], "".397"": [1800, 2800] , "".355"": [0, 1800]}"
"rifle","Sierra","Sierra .308 155gr MatchKing 2155","2155","0.308","155","0.233",".30 Caliber/7.62mm (.308) 155 gr. HPBT MatchKing","MatchKing","","","{"".450"": [2600, null], "".443"": [1800, 2600] , "".417"": [0, 1800]}"
"rifle","Sierra","Sierra .308 155gr MatchKing 2156","2156","0.308","155","0.233",".30 Caliber/7.62mm (.308) 155 gr. HPBT PALMAÂ® MatchKing","MatchKing","","","{"".504"": [2700, null], "".470"": [2700, 1800] , "".430"": [1800, 1500] , "".380"": [0, 1500]}"
"rifle","Sierra","Sierra .308 155gr Tipped MatchKing 7755","7755","0.308","155","0.233",".30 Caliber/7.62mm (.308) 155 gr. Tipped MatchKing (TMK)","Tipped MatchKing","","","{"".519"": [1900, null], "".490"": [1600, 1900] , "".420"": [0, 1600]}"
"rifle","Sierra","Sierra .308 165gr GameKing 2140","2140","0.308","165","0.248",".30 Caliber/7.62mm (.308) 165 gr. HPBT","GameKing","","","{"".363"": [2600, null], "".355"": [1800, 2600] , "".363"": [0, 1800]}"
"rifle","Sierra","Sierra .308 165gr GameKing 2145","2145","0.308","165","0.248",".30 Caliber/7.62mm (.308) 165 gr. SBT","GameKing","","","{"".404"": [2400, null], "".409"": [1600, 2400] , "".419"": [0, 1600]}"
"rifle","Sierra","Sierra .308 168gr MatchKing 2200","2200","0.308","168","0.253",".30 Caliber/7.62mm (.308) 168 gr. HPBT Match","MatchKing","","","{"".462"": [2600, null], "".447"": [2100, 2600] , "".424"": [1600, 2100] , "".405"": [0, 1600]}"
"rifle","Sierra","Sierra .308 168gr Tipped MatchKing 7768","7768","0.308","168","0.253",".30 Caliber/7.62mm (.308) 168 gr. Tipped MatchKing (TMK)","Tipped MatchKing","","","{"".535"": [2050, null], "".521"": [1650, 2050] , "".480"": [0, 1650]}"
"rifle","Sierra","Sierra .308 170gr Pro-Hunter 2010","2010","0.308","170","0.256",".30 Caliber (.308) (.30-30) 170 gr. FN (30-30)","Pro-Hunter","","","{"".205"": [2400, null], "".248"": [1800, 2400] , "".293"": [0, 1800]}"
"rifle","Sierra","Sierra .308 175gr MatchKing 2275","2275","0.308","175","0.264",".30 Caliber/7.62mm (.308) 175 gr. HPBT MatchKing","MatchKing","","","{"".505"": [2800, null], "".496"": [1800, 2800] , "".485"": [0, 1800]}"
"rifle","Sierra","Sierra .308 175gr Tipped MatchKing 7775","7775","0.308","175","0.264",".30 Caliber/7.62mm (.308) 175 gr. Tipped MatchKing (TMK)","Tipped MatchKing","","","{"".545"": [2400, null], "".530"": [1800, 2400] , "".495"": [0, 1800]}"
"rifle","Sierra","Sierra .308 180gr Pro-Hunter 2150","2150","0.308","180","0.271",".30 Caliber/7.62mm (.308) 180 gr. SPT","Pro-Hunter","","","{"".407"": [2600, null], "".415"": [1600, 2600] , "".414"": [0, 1600]}"
"rifle","Sierra","Sierra .308 180gr GameKing 2160","2160","0.308","180","0.271",".30 Caliber/7.62mm (.308) 180 gr. SBT","GameKing","","","{"".501"": [2700, null], "".506"": [1700, 2700] , "".505"": [0, 1700]}"
"rifle","Sierra","Sierra .308 180gr Pro-Hunter 2170","2170","0.308","180","0.271",".30 Caliber 7.62 mm (.308) 180 gr. RN","Pro-Hunter","","","{"".240"": [2800, null], "".280"": [2200, 2800] , "".330"": [1500, 2200] , "".355"": [0, 1500]}"
"rifle","Sierra","Sierra .308 180gr MatchKing 2220","2220","0.308","180","0.271",".30 Caliber/7.62mm (.308) 180 gr. HPBT MatchKing","MatchKing","","","{"".475"": [2800, null], "".496"": [2200, 2800] , "".494"": [1600, 2200] , "".494"": [0, 1600]}"
"rifle","Sierra","Sierra .308 190gr MatchKing 2210","2210","0.308","190","0.286",".30 Caliber/7.62mm (.308) 190 gr. HPBT MatchKing","MatchKing","","","{"".533"": [2100, null], "".525"": [1600, 2100] , "".515"": [0, 1600]}"
"rifle","Sierra","Sierra .308 195gr Tipped MatchKing 7795","7795","0.308","195","0.294",".30 Caliber/7.62mm (.308) 195 gr. Tipped MatchKing (TMK)","Tipped MatchKing","","","{0"".610"": [2000, null], 0"".595"": [2000, 1600] , 0"".560"": [0, 1600]}"
"rifle","Sierra","Sierra .308 200gr GameKing 2165","2165","0.308","200","0.301",".30 Caliber/7.62mm (.308) 200 gr. SBT","GameKing","","","{"".560"": [2600, null], "".552"": [2300, 2600] , "".555"": [1900, 2300] , "".560"": [0, 1900]}"
"rifle","Sierra","Sierra .308 200gr MatchKing 2230","2230","0.308","200","0.301",".30 Caliber/7.62mm (.308) 200 gr. HPBT MatchKing","MatchKing","","","{"".565"": [2100, null], "".560"": [1600, 2100] , "".560"": [0, 1600]}"
"rifle","Sierra","Sierra .308 200gr MatchKing 2231","2231","0.308","200","0.301",".30 Caliber/7.62mm (.308) 200 gr. HPBT MatchKing","MatchKing","","","{"".715"": [2000, null], "".695"": [2000, 1720] , "".660"": [0, 1720]}"
"rifle","Sierra","Sierra .308 210gr MatchKing 9240","9240","0.308","210","0.316","30 caliber/7.62mm (.308) 210 gr. HPBT MatchKing","MatchKing","","","{"".670"": [2500, null], "".650"": [2500, 1850] , "".590"": [0, 1850]}"
"rifle","Sierra","Sierra .308 220gr Pro-Hunter 2180","2180","0.308","220","0.331",".30 Caliber/7.62mm (.308) 220 gr. RN","Pro-Hunter","","","{"".310"": [2600, null], "".335"": [2200, 2600] , "".378"": [1600, 2200] , "".410"": [0, 1600]}"
"rifle","Sierra","Sierra .308 220gr MatchKing 2240","2240","0.308","220","0.331",".30 Caliber/7.62mm (.308) 220 gr. HPBT Match","MatchKing","","","{"".629"": [2100, null], "".624"": [1700, 2100] , "".608"": [0, 1700]}"
"rifle","Sierra","Sierra .308 230gr MatchKing 2251","2251","0.308","230","0.376",".30 Caliber/7.62mm (.308) 230 gr. HPBT MatchKing","MatchKing","","","{"".800"": [1880, null], "".780"": [1880, 1600] , "".740"": [0, 1600]}"
"rifle","Sierra","Sierra .308 240gr MatchKing 9245","9245","0.308","240","0.361","30 caliber/7.62mm (.308) 240 gr. HPBT MatchKing","MatchKing","","","{"".711"": [2150, null], "".702"": [1800, 2150] , "".685"": [0, 1800]}"
"rifle","Sierra","Sierra .311 125gr Pro-Hunter 2305","2305","0.311","125","0.185",".303 Caliber/7.7mm (.311) 125 gr. SPT","Pro-Hunter","","","{"".274"": [2500, null], "".282"": [2000, 2500] , "".289"": [0, 2000]}"
"rifle","Sierra","Sierra .311 150gr Pro-Hunter 2300","2300","0.311","150","0.222",".303 Caliber/7.7mm (.311) 150 gr. SPT","Pro-Hunter","","","{"".344"": [2350, null], "".341"": [1800, 2350] , "".334"": [0, 1800]}"
"rifle","Sierra","Sierra .311 174gr MatchKing 2315","2315","0.311","174","0.257",".303 Caliber/7.7mm (.311) 174 gr. HPBT MatchKing","MatchKing","","","{"".499"": [2200, null], "".493"": [1800, 2200] , "".480"": [0, 1800]}"
"rifle","Sierra","Sierra .311 180gr Pro-Hunter 2310","2310","0.311","180","0.266",".303 Caliber/7.7mm (.311) 180 gr. SPT","Pro-Hunter","","","{"".411"": [2000, null], "".407"": [1600, 2000] , "".407"": [0, 1600]}"
"rifle","Sierra","Sierra .323 150gr Pro-Hunter 2400","2400","0.323","150","0.205","8 mm (.323) 150 gr. SPT","Pro-Hunter","","","{"".336"": [2600, null], "".329"": [2000, 2600] , "".314"": [0, 2000]}"
"rifle","Sierra","Sierra .323 175gr Pro-Hunter 2410","2410","0.323","175","0.24","8 mm (.323) 175 gr. SPT","Pro-Hunter","","","{"".381"": [2150, null], "".375"": [1750, 2150] , "".371"": [0, 1750]}"
"rifle","Sierra","Sierra .323 200gr MatchKing 2415","2415","0.323","200","0.274","8mm (.323) 200 gr. HPBT MatchKing","MatchKing","","","{"".520"": [2300, null], "".505"": [1700, 2300] , "".461"": [0, 1700]}"
"rifle","Sierra","Sierra .323 220gr GameKing 2420","2420","0.323","220","0.301","8 mm (.323) 220 gr. SBT","GameKing","","","{"".521"": [2500, null], "".524"": [1850, 2500] , "".512"": [1550, 1850] , "".495"": [0, 1550]}"
"rifle","Sierra","Sierra .338 215gr GameKing 2610","2610","0.338","215","0.269",".338 Caliber (.338) 215 gr. SBT","GameKing","","","{"".485"": [2000, null], "".473"": [1600, 2000] , "".460"": [0, 1600]}"
"rifle","Sierra","Sierra .338 225gr Pro-Hunter 2620","2620","0.338","225","0.281",".338 Caliber (.338) 225 gr. SPT","Pro-Hunter","","","{"".462"": [2900, null], "".455"": [2900, 2350] , "".448"": [2350, 1900] , "".435"": [0, 1900]}"
"rifle","Sierra","Sierra .338 250gr GameKing 2600","2600","0.338","250","0.313",".338 Caliber (.338) 250 gr. SBT","GameKing","","","{"".565"": [2500, null], "".563"": [2000, 2500] , "".550"": [1600, 2000] , "".537"": [0, 1600]}"
"rifle","Sierra","Sierra .338 250gr MatchKing 2650","2650","0.338","250","0.313",".338 Caliber (.338) 250 gr. HPBT MatchKing","MatchKing","","","{"".587"": [2150, null], "".606"": [1700, 2150] , "".576"": [1400, 1700] , "".484"": [0, 1400]}"
"rifle","Sierra","Sierra .338 300gr MatchKing 9300","9300","0.338","300","0.375",".338 Caliber 300 gr. HPBT MatchKing","MatchKing","","","{"".768"": [2300, null], "".760"": [1800, 2300] , "".750"": [0, 1800]}"
"rifle","Sierra","Sierra .358 200gr Pro-Hunter 2800","2800","0.358","200","0.223",".35 Caliber (.358) 200 gr. RN","Pro-Hunter","","","{"".148"": [2000, null], "".203"": [1500, 2000] , "".247"": [1200, 1500] , "".271"": [1000, 1200] , "".230"": [0, 1000]}"
"rifle","Sierra","Sierra .358 225gr GameKing 2850","2850","0.358","225","0.251",".35 Caliber (.358) 225 gr. SBT","GameKing","","","{"".370"": [2500, null], "".384"": [2000, 2500] , "".387"": [1600, 2000] , "".370"": [0, 1600]}"
"rifle","Sierra","Sierra .375 200gr Pro-Hunter 2900","2900","0.375","200","0.203",".375 Caliber (.375) 200 gr. FN","Pro-Hunter","","","{"".195"": [2100, null], "".212"": [1750, 2100] , "".232"": [1400, 1750] , "".248"": [0, 1400]}"
"rifle","Sierra","Sierra .375 250gr GameKing 2950","2950","0.375","250","0.254",".375 Caliber (.375) 250 gr. SBT","GameKing","","","{"".353"": [2600, null], "".371"": [2250, 2600] , "".375"": [1800, 2250] , "".363"": [0, 1800]}"
"rifle","Sierra","Sierra .375 300gr GameKing 3000","3000","0.375","300","0.305",".375 Caliber (.375) 300 gr. SBT","GameKing","","","{"".475"": [2600, null], "".480"": [2200, 2600] , "".470"": [1800, 2200] , "".458"": [0, 1800]}"
"rifle","Sierra","Sierra .375 350gr MatchKing 9350","9350","0.375","350","0.355","375 Caliber (.375) 350 gr. HPBT MatchKing","MatchKing","","","{"".805"": [2200, null], "".780"": [2200, 1700] , "".720"": [0, 1700]}"
"rifle","Sierra","Sierra .458 300gr Pro-Hunter 8900","8900","0.458","300","0.204",".45 Caliber (.458) (.45-70) 300 gr. HP/FN","Pro-Hunter","","","{"".120"": [2400, null], "".145"": [1900, 2400] , "".185"": [1400, 1900] , "".210"": [1150, 1400] , "".230"": [0, 1150]}"
